Industrial & Commercial Bank of China Ltd,http://www.icbc-ltd.com/icbcltd/en/
China Construction Bank Corp,http://www.asia.ccb.com/hongkong/personal/
Agriculture Bank of China Ltd,http://www.abchina.com/en/
Bank of China Ltd,http://www.boc.cn/en/
Mitsubishi UFJ Financial Group Inc,http://www.mufg.jp/english/
JPMorgan Chase & Co,https://www.jpmorganchase.com/
HSBC Holdings Plc,https://www.hsbc.co.in/1/2/homepage
BNP Paribas SA,https://group.bnpparibas/en/
Bank of America Corp,https://www.bankofamerica.com/
Wells Fargo & Co,https://www.wellsfargo.com/
Credit Agricole Group,https://www.credit-agricole.com/en/group/discover-the-credit-agricole-group
Japan Post Bank Co,http://www.jp-bank.japanpost.jp/en_index.html
Citigroup Inc,http://www.citigroup.com/citi/
Mizuho Financial Group Inc,https://www.mizuho-fg.com/index.html
Deutsche Bank AG,https://www.db.com/india/
Sumitomo Mitsui Financial Group Inc,http://www.smfg.co.jp/english/
Barclays Plc,https://www.home.barclays/
Societe Generale SA,https://www.societegenerale.com/en/home
Banco Santander SA,http://www.santander.com/csgs/Satellite/CFWCSancomQP01/es_ES/Corporativo.html?leng=en_GB
Groupe BPCE,http://www.groupebpce.fr/en
Bank of Communications Co Ltd,http://www.bankcomm.com.hk/en/
Postal Savings Bank of China Co Ltd,http://www.psbc.com/en/
Lloyds Banking Group Plc,http://www.lloydsbankinggroup.com/
Royal Bank of Scotland Group Plc,https://www.rbs.in/
Norinchukin Bank,https://www.nochubank.or.jp/en/
Toronto-Dominion Bank,https://www.tdbank.com/
UBS Group AG,https://www.ubs.com/global/en.html
Royal Bank of Canada,http://www.rbcroyalbank.com/
ING Groep NV,https://www.ing.com/web/show
Industrial Bank Co Ltd,http://www.cib.com.cn/en/
UniCtedit SpA,https://www.unicreditgroup.eu/en.html
Goldman Sachs Group Inc,http://www.goldmansachs.com/
China Merchants Bank Co Ltd,http://english.cmbchina.com/
China CITIC Bank Corp Ltd,https://www.cncbinternational.com/home/en/index.jsp
China Minsheng Banking Corp Ltd,http://www.cmbc.com.cn/hk/hk/index.html
Shanghai Pudong Development Bank Co Ltd,http://eng.spdb.com.cn/
Morgan Stanley,https://www.morganstanley.com/
Credit Mutuel Group,https://www.creditmutuel.fr/becm/en/banques/becm/groupe.html
Credit Suisse Group AG,https://www.credit-suisse.com/global/en.html
Banco Bilbao Vizcaya Argentaria SA,https://www.bbva.com/en/
Intesa Sanpaolo SpA,https://www.intesasanpaolo.com/
Commonwealth Bank of Australia,https://www.commbank.com.au/
Australia & New Zealand Banking Group Ltd,https://www.anz.com.au/personal/
Rabobank,https://www.rabobank.com/en/home/index.html
Bank of Nova Scotia,http://www.scotiabank.com/gls/en/index.html#about
Nordea Bank AB,https://www.nordea.com/en/
Standard Chartered Plc,https://www.sc.com/en/
Westpac Banking Corp,https://www.westpac.com.au/
National Australia Bank Ltd,https://www.nab.com.au
China Everbright Bank Co Ltd,http://www.cebbank.com/site/gdywwz/CEB_Homepage/Bank%20profile/index.html
DZ Bank AG,https://www.dzbank.com/
Bank of Montreal,https://www.bmo.com/main/personal
Commerzbank AG,https://www.commerzbank.com/
Danske Bank A/S,https://danskebank.com/
State Bank of India,https://www.sbi.co.in/
U.S. Bancorp,https://www.usbank.com/index.html
Sumitomo Mitsui Trust Holdings Inc,http://www.smth.jp/en/
Cassa depositi e prestiti SpA,http://en.cdp.it/
Banco do Brasil SA,http://www.bb.com.br/portalbb/jsp/eng/index.jsp
Ping An Bank Co Ltd,http://bank.pingan.com/en/
ABN AMRO Group NV,https://www.abnamro.com/en/index.html
Itau Unibanco Holding SA,https://www.itau.com.br/investor-relations
Canadian Imperial Bank of Commerce,https://www.cibc.com/en/personal-banking.html
PAO Sberbank of Russia,http://www.sberbank.ru/en/about/about_sberbank
Resona Holdings Inc,http://www.resona-gr.co.jp/holdings/english/
CaixaBank SA,https://www.caixabank.com
Caixa Economica Federal,http://www.caixa.gov.br/site/paginas/downloads.aspx
Nomura Holdings Inc,http://www.nomura.com/
PNC Financial Services Group Inc,https://www.pnc.com/en/about-pnc.html
Banco Bradesco SA,http://www.bradesco.com.br
Capital One Financial Corp,https://www.capitalone.com/
HuaXia Bank Co Ltd,http://www.hxb.com.cn/home/en/index.shtml
Bank of New York Mellon Corp,https://www.bnymellon.com/apac/en/home.jsp
DBS Group Holdings Ltd,https://www.dbs.com/in/index/default.page
Shinhan Financial Group Co Ltd,http://www.shinhangroup.co.kr/en/index.jsp
KB Financial Group Inc,https://www.kbfg.com/Eng/
DNB ASA,https://www.dnb.no/en
Bank of Beijing Co Ltd,http://www.bankofbeijing.com.cn/en2011/
KBC Group NV,https://www.kbc.com/en
Nationwide Building Society,http://www.nationwide.co.uk/
Svenska Handelsbanken AB,http://www.handelsbanken.de/
Hana Financial Group Inc,http://www.hanafn.com/eng/network/hanaNetwork/buHanafn.do
Skandinaviska Enskilda Banken AB,https://sebgroup.com/
Oversea-Chinese Banking Corp Ltd,https://www.ocbc.com/group/group-home.html
China Guangfa Bank Co,http://www.cgbchina.com.cn/Site/Home/EN
Woori Bank,https://spot.wooribank.com/pot/Dream?withyou=en&LCL=EN
Landesbank Baden-Wurttemberg,https://www.lbbw.de/en/
Cathay Financial Holding Co Ltd,https://www.cathayholdings.com/holdings/
Bank of Shanghai Co Ltd,www.bosc.cn
State Street Corp,http://www.statestreet.com/home.html
La Banque Postale SA,https://www.labanquepostale.fr/
Swedbank AB,https://www.swedbank.com/
United Overseas Bank Ltd,http://www.uobgroup.com
Bank of Jiangsu Co Ltd,http://www.jsbchina.cn/EN/index.html
BFA Sociedad Tenedora de Acciones SAU,http://www.bfatenedoradeacciones.com/es/bfa/inicio
Dexia SA,http://www.dexia.com/EN/Pages/default.aspx
Bayerische Landesbank,https://www.bayernlb.com/internet/en/blb/resp/index.jsp
Erste Group BankAG,https://www.erstegroup.com/en/home
BB&T Corp,https://www.bbt.com/
+Acumen,http://www.plusacumen.org
360training,http://www.360training.com/
ALISON,https://alison.com
Allversity,http://www.allversity.org/
ApnaCourse,https://www.apnacourse.com/
Aquent Gymnasium,https://thegymnasium.com
Box Hill Institute,www.http://boxhill.edu.au/
C++ Institute,https://cppinstitute.org
Canvas,https://canvas.instructure.com
Canvas Network,https://www.canvas.net
Class2Go,http://online.stanford.edu/categories/class2go
Commonwealth of Learning,https://www.col.org/
Complexity Explorer,https://www.complexityexplorer.org
Coursera,https://www.coursera.org/
CourseSites,https://www.coursesites.com
CURSALIA (Centro universitario de ciencias de la salud),http://www.cucs.udg.mx/cursalia
Cybrary,https://www.cybrary.it
Desire2Learn,https://www.d2l.com
Digital Business Academy,http://www.digitalbusinessacademyuk.com
ECO Project,http://project.ecolearning.eu/
EdCast,https://www.edcast.com
Eduonix,https://www.eduonix.com
EdX,https://www.edx.org
ELD,http://mooc.eld-initiative.org/
EMMA,https://www.myemma.com
European Schoolnet Academy,http://www.europeanschoolnetacademy.eu
Federica,http://www.federica.eu/
FeedMyHappy,http://www.feedmyhappy.com
Firstaidforfree,http://www.firstaidforfree.com/
FUN,https://www.fun-mooc.fr/
Fundación Didáctica,http://fundaciondidactica.org/
FutureLearn,https://www.futurelearn.com
FX Academy,http://www.fxacademy.com/
GW Online,http://www.g-wonline.com
IAI Academy,https://iai.tv
Instreamia,http://www.instreamia.com/
Investoo.com,https://www.investoo.com/
Iversity,https://iversity.org
Kadenze,https://www.kadenze.com/
KAU,http://www.kau.in/
Lagunita,https://lagunita.stanford.edu
Leada,https://www.teamleada.com
Learn .com.au,https://learn.com.au/
Leuphana Digital School,http://www.leuphana.de/digital-school.html
Marist College&#039;s FOLD,https://thefold.marist.edu
Master University,http://www.masters.edu
Miríada X,https://miriadax.net/
MongoDB,https://www.mongodb.com/
MOOC Técnico,http://mooc.tecnico.ulisboa.pt
MOOC-Ed,https://place.fi.ncsu.edu/
MRUniversity,https://www.mruniversity.com
Neodemia,http://www.neodemia.com/
NovoEd,http://novoed.com/
Online University of Finland,https://ouof.org/
OOEd,http://ooed.org/
Open Education,https://www.openeducationweek.org
Open2Study,https://www.open2study.com/
OpenClassrooms,https://openclassrooms.com/
OpenCourseWorld,https://www.opencourseworld.de
OpenHPI,https://open.hpi.de/
OpenLearning,https://www.openlearning.com
OpenSAP,https://open.sap.com
OpenSecurityTraining,http://opensecuritytraining.info/
Other Providers,https://www.mooc-list.com/
P2PU,https://www.p2pu.org/
Polimi OPEN KNOWLEDGE,https://www.pok.polimi.it/
ProjectManagers .Org,https://projectmanagers.org
Santa Fe Institute,https://www.santafe.edu
SAPXPERT,http://www.sapxpert.com/
Saylor Academy,https://www.saylor.org
School of Business and Trade,http://sobat.org
SchoolKeep,https://www.schoolkeep.com
SDSN.edu,https://www.sdsnedu.org/
Smartly,https://smart.ly/
SoundviewPro.com,https://www.soundviewpro.com/
Stepik,https://stepik.org/catalog
TareasPlus,https://www.tareasplus.com
TELELAB,http://telelab.aids.gov.br/
The Writing University,https://www.writinguniversity.org
TV des Entrepreneurs,http://www.laformationpourtous.com/
Udacity,https://in.udacity.com
Udemy,https://www.udemy.com/
UNED Abierta,https://iedra.uned.es/
UneOpen,http://uneopen.com/
UniMOOC - Tec,http://www.unimooc-tec.com
UNINETTUNO OpenupEd,http://openuped.eu/
Universarium,http://universarium.org
Universiteplus,https://www.universiteplus.com
Unow,https://www.younow.com
UP2U,http://www.up2usurfschool.com
UPVX,https://www.upvx.es
URJCx,https://www.urjcx.urjc.es/
Veduca,http://veduca.org/
Virtual Linguistics Campus,http://www.linguistics.online.uni-marburg.de
WEU,http://www.weu.int/
World Mentoring Academy (WMA),http://worldmentoringacademy.com/
Younico,https://www.younico.io/
